번호,출현 횟수 전체,출현 횟수 100,출현 횟수 020,출현 횟수 005,출현 횟수 001
1,171,13,3,1,0
2,157,11,3,1,0
3,172,16,1,0,0
4,164,12,4,2,1
5,154,10,1,1,1
6,166,14,2,0,0
7,171,15,3,1,0
8,158,14,1,0,0
9,137,16,2,1,0
10,163,10,2,1,0
11,168,12,3,0,0
12,180,12,3,0,0
13,184,19,8,2,0
14,172,7,2,0,0
15,170,17,3,0,0
16,170,17,3,2,0
17,171,11,1,0,0
18,180,15,5,2,0
19,171,14,3,0,0
20,172,13,3,0,0
21,167,10,1,0,0
22,146,11,3,0,0
23,149,13,2,1,0
24,168,16,4,2,0
25,154,14,2,1,1
26,166,12,2,1,0
27,181,20,0,0,0
28,158,16,3,1,1
29,156,13,3,0,0
30,158,12,1,0,0
31,171,16,5,1,0
32,147,14,3,1,1
33,175,10,1,0,0
34,187,10,5,1,0
35,163,13,2,0,0
36,165,13,2,0,0
37,174,15,3,0,0
38,174,19,5,2,0
39,168,15,1,0,0
40,174,12,2,0,0
41,151,11,2,1,0
42,159,14,4,1,1
43,167,10,4,2,0
44,166,12,4,1,0
45,175,11,0,0,0
